BEGIN TRANSACTION;
DROP TABLE IF EXISTS "Courses";
CREATE TABLE IF NOT EXISTS "Courses" (
	"courseID"	INTEGER NOT NULL PRIMARY KEY AUTOINCREMENT UNIQUE,
	"cupID"	INTEGER NOT NULL,
	"position"	INTEGER NOT NULL,
	"name"	TEXT NOT NULL,
	"customName"	TEXT,
	"customNameIsCanon"	INTEGER NOT NULL
);
DROP TABLE IF EXISTS "Tags";
CREATE TABLE IF NOT EXISTS "Tags" (
	"tagID"	INTEGER NOT NULL PRIMARY KEY AUTOINCREMENT UNIQUE,
	"text"	TEXT NOT NULL
);
DROP TABLE IF EXISTS "CourseTags";
CREATE TABLE IF NOT EXISTS "CourseTags" (
	"courseID"	INTEGER NOT NULL,
	"tagID"	INTEGER NOT NULL,
	PRIMARY KEY("courseID","tagID")
);
DROP TABLE IF EXISTS "Cups";
CREATE TABLE IF NOT EXISTS "Cups" (
	"cupID"	INTEGER NOT NULL PRIMARY KEY AUTOINCREMENT UNIQUE,
	"name"	TEXT NOT NULL UNIQUE,
	"icon"	TEXT NOT NULL UNIQUE
);
INSERT INTO "Courses" ("courseID","cupID","position","name","customName","customNameIsCanon") VALUES (1,1,0,'GCN Luigi Circuit',NULL,0);
INSERT INTO "Courses" ("courseID","cupID","position","name","customName","customNameIsCanon") VALUES (2,1,1,'N64 Moo Moo Farm',NULL,0);
INSERT INTO "Courses" ("courseID","cupID","position","name","customName","customNameIsCanon") VALUES (3,1,2,'Mushroom Fort',NULL,0);
INSERT INTO "Courses" ("courseID","cupID","position","name","customName","customNameIsCanon") VALUES (4,1,3,'Waluigi''s Choco Factory',NULL,0);
INSERT INTO "Courses" ("courseID","cupID","position","name","customName","customNameIsCanon") VALUES (5,2,0,'DS Cheep Cheep Beach',NULL,0);
INSERT INTO "Courses" ("courseID","cupID","position","name","customName","customNameIsCanon") VALUES (6,2,1,'Rocky Cliff',NULL,0);
INSERT INTO "Courses" ("courseID","cupID","position","name","customName","customNameIsCanon") VALUES (7,2,2,'N64 Banshee Boardwalk',NULL,0);
INSERT INTO "Courses" ("courseID","cupID","position","name","customName","customNameIsCanon") VALUES (8,2,3,'Retro Raceway',NULL,0);
INSERT INTO "Courses" ("courseID","cupID","position","name","customName","customNameIsCanon") VALUES (9,3,0,'Lakeside Hill',NULL,0);
INSERT INTO "Courses" ("courseID","cupID","position","name","customName","customNameIsCanon") VALUES (10,3,1,'Custom Track Offices',NULL,0);
INSERT INTO "Courses" ("courseID","cupID","position","name","customName","customNameIsCanon") VALUES (11,3,2,'Snowy Circuit',NULL,0);
INSERT INTO "Courses" ("courseID","cupID","position","name","customName","customNameIsCanon") VALUES (12,3,3,'Underground Mine',NULL,0);
INSERT INTO "Courses" ("courseID","cupID","position","name","customName","customNameIsCanon") VALUES (13,4,0,'GCN Sherbet Land',NULL,0);
INSERT INTO "Courses" ("courseID","cupID","position","name","customName","customNameIsCanon") VALUES (14,4,1,'DS Nokonoko Beach',NULL,0);
INSERT INTO "Courses" ("courseID","cupID","position","name","customName","customNameIsCanon") VALUES (15,4,2,'3DS Shy Guy Bazaar',NULL,0);
INSERT INTO "Courses" ("courseID","cupID","position","name","customName","customNameIsCanon") VALUES (16,4,3,'Wario''s Lair',NULL,0);
INSERT INTO "Courses" ("courseID","cupID","position","name","customName","customNameIsCanon") VALUES (17,5,0,'Hillside Circuit',NULL,0);
INSERT INTO "Courses" ("courseID","cupID","position","name","customName","customNameIsCanon") VALUES (18,5,1,'Water Wood',NULL,0);
INSERT INTO "Courses" ("courseID","cupID","position","name","customName","customNameIsCanon") VALUES (19,5,2,'Crystal Plains','Windmill Castle Village',0);
INSERT INTO "Courses" ("courseID","cupID","position","name","customName","customNameIsCanon") VALUES (20,5,3,'Last World',NULL,0);
INSERT INTO "Courses" ("courseID","cupID","position","name","customName","customNameIsCanon") VALUES (21,6,0,'Volcanic Land',NULL,0);
INSERT INTO "Courses" ("courseID","cupID","position","name","customName","customNameIsCanon") VALUES (22,6,1,'GBA Bowser Castle 4',NULL,0);
INSERT INTO "Courses" ("courseID","cupID","position","name","customName","customNameIsCanon") VALUES (23,6,2,'N64 Yoshi Valley',NULL,0);
INSERT INTO "Courses" ("courseID","cupID","position","name","customName","customNameIsCanon") VALUES (24,6,3,'GCN Yoshi Circuit',NULL,0);
INSERT INTO "Courses" ("courseID","cupID","position","name","customName","customNameIsCanon") VALUES (25,7,0,'Desert Mushroom Ruins',NULL,0);
INSERT INTO "Courses" ("courseID","cupID","position","name","customName","customNameIsCanon") VALUES (26,7,1,'GCN Mushroom City',NULL,0);
INSERT INTO "Courses" ("courseID","cupID","position","name","customName","customNameIsCanon") VALUES (27,7,2,'Space Race Castle',NULL,0);
INSERT INTO "Courses" ("courseID","cupID","position","name","customName","customNameIsCanon") VALUES (28,7,3,'Dark Matter Shrine',NULL,0);
INSERT INTO "Courses" ("courseID","cupID","position","name","customName","customNameIsCanon") VALUES (29,8,0,'Pipeline Speedway',NULL,0);
INSERT INTO "Courses" ("courseID","cupID","position","name","customName","customNameIsCanon") VALUES (30,8,1,'Flowery Greenhouse',NULL,0);
INSERT INTO "Courses" ("courseID","cupID","position","name","customName","customNameIsCanon") VALUES (31,8,2,'Canyon Run',NULL,0);
INSERT INTO "Courses" ("courseID","cupID","position","name","customName","customNameIsCanon") VALUES (32,8,3,'Castle of Time',NULL,0);
INSERT INTO "Courses" ("courseID","cupID","position","name","customName","customNameIsCanon") VALUES (33,9,0,'GBA Boo Lake','Old ghost house',0);
INSERT INTO "Courses" ("courseID","cupID","position","name","customName","customNameIsCanon") VALUES (34,9,1,'Skyline Avenue','City games room useless harbour',0);
INSERT INTO "Courses" ("courseID","cupID","position","name","customName","customNameIsCanon") VALUES (35,9,2,'3DS Neo Bowser City',NULL,0);
INSERT INTO "Courses" ("courseID","cupID","position","name","customName","customNameIsCanon") VALUES (36,9,3,'Alpine Peak','Snow Mines',0);
INSERT INTO "Courses" ("courseID","cupID","position","name","customName","customNameIsCanon") VALUES (37,10,0,'Fire Palace',NULL,0);
INSERT INTO "Courses" ("courseID","cupID","position","name","customName","customNameIsCanon") VALUES (38,10,1,'Hell Pyramid','Desert Lava Pyramid',0);
INSERT INTO "Courses" ("courseID","cupID","position","name","customName","customNameIsCanon") VALUES (39,10,2,'Desert Raceway','Wide road desert',0);
INSERT INTO "Courses" ("courseID","cupID","position","name","customName","customNameIsCanon") VALUES (40,10,3,'3DS Wario Shipyard','Wario''s Underwater Pirate Ship Castle',0);
INSERT INTO "Courses" ("courseID","cupID","position","name","customName","customNameIsCanon") VALUES (41,11,0,'GBA Lakeside Park','GBA jungle',0);
INSERT INTO "Courses" ("courseID","cupID","position","name","customName","customNameIsCanon") VALUES (42,11,1,'Kinoko Cave','Glowing mushroom shortcut cave',0);
INSERT INTO "Courses" ("courseID","cupID","position","name","customName","customNameIsCanon") VALUES (43,11,2,'Bouncy Farm',NULL,0);
INSERT INTO "Courses" ("courseID","cupID","position","name","customName","customNameIsCanon") VALUES (44,11,3,'Crossingville','Crossing ville',0);
INSERT INTO "Courses" ("courseID","cupID","position","name","customName","customNameIsCanon") VALUES (45,12,0,'Sand Speedway','Desert Eye Pain',1);
INSERT INTO "Courses" ("courseID","cupID","position","name","customName","customNameIsCanon") VALUES (46,12,1,'Sky Grove','Moonlight river jump',0);
INSERT INTO "Courses" ("courseID","cupID","position","name","customName","customNameIsCanon") VALUES (47,12,2,'SNES Mario Circuit 2',NULL,0);
INSERT INTO "Courses" ("courseID","cupID","position","name","customName","customNameIsCanon") VALUES (48,12,3,'Rainbow Run','Rainbow Unexpected Road',1);
INSERT INTO "Courses" ("courseID","cupID","position","name","customName","customNameIsCanon") VALUES (49,13,0,'GCN Bowser Castle',NULL,0);
INSERT INTO "Courses" ("courseID","cupID","position","name","customName","customNameIsCanon") VALUES (50,13,1,'DS Bowser Castle','Rotating log Bowser''s castle',0);
INSERT INTO "Courses" ("courseID","cupID","position","name","customName","customNameIsCanon") VALUES (51,13,2,'Yoshi Lagoon',NULL,0);
INSERT INTO "Courses" ("courseID","cupID","position","name","customName","customNameIsCanon") VALUES (52,13,3,'3DS Cheep Cheep Lagoon','Go Dive Go',1);
INSERT INTO "Courses" ("courseID","cupID","position","name","customName","customNameIsCanon") VALUES (53,14,0,'Jungle Ruins','Jungle temple lava cave',0);
INSERT INTO "Courses" ("courseID","cupID","position","name","customName","customNameIsCanon") VALUES (54,14,1,'Candy Coaster','Not Sandy Candy Land',0);
INSERT INTO "Courses" ("courseID","cupID","position","name","customName","customNameIsCanon") VALUES (55,14,2,'Rush City Run','Construction zone',1);
INSERT INTO "Courses" ("courseID","cupID","position","name","customName","customNameIsCanon") VALUES (56,14,3,'DS Wario Stadium','Worse Waluigi Stadium',0);
INSERT INTO "Courses" ("courseID","cupID","position","name","customName","customNameIsCanon") VALUES (57,15,0,'GBA Cheese Land',NULL,0);
INSERT INTO "Courses" ("courseID","cupID","position","name","customName","customNameIsCanon") VALUES (58,15,1,'3DS Maka Wuhu','3DS Wuhu Island',0);
INSERT INTO "Courses" ("courseID","cupID","position","name","customName","customNameIsCanon") VALUES (59,15,2,'GCN Wario Colosseum',NULL,0);
INSERT INTO "Courses" ("courseID","cupID","position","name","customName","customNameIsCanon") VALUES (60,15,3,'Night Factory','Toad''s Janktory',0);
INSERT INTO "Courses" ("courseID","cupID","position","name","customName","customNameIsCanon") VALUES (61,16,0,'Love Beach','Paradise',0);
INSERT INTO "Courses" ("courseID","cupID","position","name","customName","customNameIsCanon") VALUES (62,16,1,'Candy Mountains','Wreck-it Ralph',0);
INSERT INTO "Courses" ("courseID","cupID","position","name","customName","customNameIsCanon") VALUES (63,16,2,'Castle of Darkness','Blind castle',0);
INSERT INTO "Courses" ("courseID","cupID","position","name","customName","customNameIsCanon") VALUES (64,16,3,'Space City','Boring Long Rainbow Road',1);
INSERT INTO "Courses" ("courseID","cupID","position","name","customName","customNameIsCanon") VALUES (65,17,0,'Undiscovered Offlimit','Massive conveyor room, fast laser propellors',0);
INSERT INTO "Courses" ("courseID","cupID","position","name","customName","customNameIsCanon") VALUES (66,17,1,'3DS Bowser Castle','Retro Bowser''s castle',0);
INSERT INTO "Courses" ("courseID","cupID","position","name","customName","customNameIsCanon") VALUES (67,17,2,'Item FireLand','Kiddie castle',0);
INSERT INTO "Courses" ("courseID","cupID","position","name","customName","customNameIsCanon") VALUES (68,17,3,'3DS Mario Circuit','Peach''s castle',0);
INSERT INTO "Courses" ("courseID","cupID","position","name","customName","customNameIsCanon") VALUES (69,18,0,'Desert Fort','(Basic) Dry dry ruins',0);
INSERT INTO "Courses" ("courseID","cupID","position","name","customName","customNameIsCanon") VALUES (70,18,1,'Jungle Cliff','Well textured jungle',0);
INSERT INTO "Courses" ("courseID","cupID","position","name","customName","customNameIsCanon") VALUES (71,18,2,'DS Mario Circuit','Cool retro Mario circuit',0);
INSERT INTO "Courses" ("courseID","cupID","position","name","customName","customNameIsCanon") VALUES (72,18,3,'MP9 Toad Road','3 laps 1 way',1);
INSERT INTO "Courses" ("courseID","cupID","position","name","customName","customNameIsCanon") VALUES (73,19,0,'Melting Magma Melee','Ice and Fire',0);
INSERT INTO "Courses" ("courseID","cupID","position","name","customName","customNameIsCanon") VALUES (74,19,1,'DS DK Pass','DK snow way',0);
INSERT INTO "Courses" ("courseID","cupID","position","name","customName","customNameIsCanon") VALUES (75,19,2,'Rainbow Labyrinth','Decent rainbow road',0);
INSERT INTO "Courses" ("courseID","cupID","position","name","customName","customNameIsCanon") VALUES (76,19,3,'GBA Mario Circuit','GBA beginner course',0);
INSERT INTO "Courses" ("courseID","cupID","position","name","customName","customNameIsCanon") VALUES (77,20,0,'Bash N Dash N Bash','8 Track',0);
INSERT INTO "Courses" ("courseID","cupID","position","name","customName","customNameIsCanon") VALUES (78,20,1,'3DS Daisy Hills','Retro countryside track',0);
INSERT INTO "Courses" ("courseID","cupID","position","name","customName","customNameIsCanon") VALUES (79,20,2,'Wetland Woods','Long river',0);
INSERT INTO "Courses" ("courseID","cupID","position","name","customName","customNameIsCanon") VALUES (80,20,3,'Rainbow Slide','Grey Road',1);
INSERT INTO "Courses" ("courseID","cupID","position","name","customName","customNameIsCanon") VALUES (81,21,0,'Mushroom Island','Mushroom Gorge + Rainbow Road',0);
INSERT INTO "Courses" ("courseID","cupID","position","name","customName","customNameIsCanon") VALUES (82,21,1,'Iceway','Dark Ice',0);
INSERT INTO "Courses" ("courseID","cupID","position","name","customName","customNameIsCanon") VALUES (83,21,2,'Marble Towers','Toy Land',0);
INSERT INTO "Courses" ("courseID","cupID","position","name","customName","customNameIsCanon") VALUES (84,21,3,'Glimmer Express Trains','Miniature land (long)',0);
INSERT INTO "Courses" ("courseID","cupID","position","name","customName","customNameIsCanon") VALUES (85,22,0,'Cool Castle Canyon','High paths, purple ending routes',0);
INSERT INTO "Courses" ("courseID","cupID","position","name","customName","customNameIsCanon") VALUES (86,22,1,'Aquania','Underwater city',0);
INSERT INTO "Courses" ("courseID","cupID","position","name","customName","customNameIsCanon") VALUES (87,22,2,'Sandcastle Park','Sand Square',0);
INSERT INTO "Courses" ("courseID","cupID","position","name","customName","customNameIsCanon") VALUES (88,22,3,'Volcanic Pipeyard','Lava pipes',0);
INSERT INTO "Tags" ("tagID","text") VALUES (1,'mushrooms');
INSERT INTO "Tags" ("tagID","text") VALUES (2,'original');
INSERT INTO "Tags" ("tagID","text") VALUES (3,'night');
INSERT INTO "Tags" ("tagID","text") VALUES (4,'retro');
INSERT INTO "Tags" ("tagID","text") VALUES (5,'toy');
INSERT INTO "Tags" ("tagID","text") VALUES (6,'fav');
INSERT INTO "Tags" ("tagID","text") VALUES (7,'bad');
INSERT INTO "Tags" ("tagID","text") VALUES (8,'rainbow');
INSERT INTO "Tags" ("tagID","text") VALUES (9,'water');
INSERT INTO "Tags" ("tagID","text") VALUES (10,'jungle');
INSERT INTO "Tags" ("tagID","text") VALUES (11,'castle');
INSERT INTO "Tags" ("tagID","text") VALUES (12,'ice');
INSERT INTO "Tags" ("tagID","text") VALUES (13,'desert');
INSERT INTO "Tags" ("tagID","text") VALUES (14,'needstagging');
INSERT INTO "Tags" ("tagID","text") VALUES (15,'road');
INSERT INTO "Tags" ("tagID","text") VALUES (16,'country');
INSERT INTO "Tags" ("tagID","text") VALUES (17,'ghost');
INSERT INTO "Tags" ("tagID","text") VALUES (18,'falling');
INSERT INTO "Tags" ("tagID","text") VALUES (19,'hasupdate');
INSERT INTO "Tags" ("tagID","text") VALUES (20,'played');
INSERT INTO "CourseTags" ("courseID","tagID") VALUES (56,4);
INSERT INTO "CourseTags" ("courseID","tagID") VALUES (62,2);
INSERT INTO "CourseTags" ("courseID","tagID") VALUES (62,5);
INSERT INTO "CourseTags" ("courseID","tagID") VALUES (62,6);
INSERT INTO "CourseTags" ("courseID","tagID") VALUES (48,7);
INSERT INTO "CourseTags" ("courseID","tagID") VALUES (48,8);
INSERT INTO "CourseTags" ("courseID","tagID") VALUES (60,6);
INSERT INTO "CourseTags" ("courseID","tagID") VALUES (48,2);
INSERT INTO "CourseTags" ("courseID","tagID") VALUES (60,2);
INSERT INTO "CourseTags" ("courseID","tagID") VALUES (52,9);
INSERT INTO "CourseTags" ("courseID","tagID") VALUES (52,6);
INSERT INTO "CourseTags" ("courseID","tagID") VALUES (52,4);
INSERT INTO "CourseTags" ("courseID","tagID") VALUES (54,5);
INSERT INTO "CourseTags" ("courseID","tagID") VALUES (54,2);
INSERT INTO "CourseTags" ("courseID","tagID") VALUES (34,14);
INSERT INTO "CourseTags" ("courseID","tagID") VALUES (36,14);
INSERT INTO "CourseTags" ("courseID","tagID") VALUES (41,14);
INSERT INTO "CourseTags" ("courseID","tagID") VALUES (42,14);
INSERT INTO "CourseTags" ("courseID","tagID") VALUES (45,14);
INSERT INTO "CourseTags" ("courseID","tagID") VALUES (53,14);
INSERT INTO "CourseTags" ("courseID","tagID") VALUES (55,14);
INSERT INTO "CourseTags" ("courseID","tagID") VALUES (57,14);
INSERT INTO "CourseTags" ("courseID","tagID") VALUES (59,14);
INSERT INTO "CourseTags" ("courseID","tagID") VALUES (61,14);
INSERT INTO "CourseTags" ("courseID","tagID") VALUES (63,14);
INSERT INTO "CourseTags" ("courseID","tagID") VALUES (68,14);
INSERT INTO "CourseTags" ("courseID","tagID") VALUES (69,14);
INSERT INTO "CourseTags" ("courseID","tagID") VALUES (70,14);
INSERT INTO "CourseTags" ("courseID","tagID") VALUES (74,14);
INSERT INTO "CourseTags" ("courseID","tagID") VALUES (80,14);
INSERT INTO "CourseTags" ("courseID","tagID") VALUES (81,14);
INSERT INTO "CourseTags" ("courseID","tagID") VALUES (82,14);
INSERT INTO "CourseTags" ("courseID","tagID") VALUES (83,14);
INSERT INTO "CourseTags" ("courseID","tagID") VALUES (84,14);
INSERT INTO "CourseTags" ("courseID","tagID") VALUES (87,14);
INSERT INTO "CourseTags" ("courseID","tagID") VALUES (88,14);
INSERT INTO "CourseTags" ("courseID","tagID") VALUES (37,2);
INSERT INTO "CourseTags" ("courseID","tagID") VALUES (37,6);
INSERT INTO "CourseTags" ("courseID","tagID") VALUES (37,11);
INSERT INTO "CourseTags" ("courseID","tagID") VALUES (71,15);
INSERT INTO "CourseTags" ("courseID","tagID") VALUES (71,6);
INSERT INTO "CourseTags" ("courseID","tagID") VALUES (71,4);
INSERT INTO "CourseTags" ("courseID","tagID") VALUES (51,2);
INSERT INTO "CourseTags" ("courseID","tagID") VALUES (51,6);
INSERT INTO "CourseTags" ("courseID","tagID") VALUES (51,9);
INSERT INTO "CourseTags" ("courseID","tagID") VALUES (66,6);
INSERT INTO "CourseTags" ("courseID","tagID") VALUES (66,4);
INSERT INTO "CourseTags" ("courseID","tagID") VALUES (66,11);
INSERT INTO "CourseTags" ("courseID","tagID") VALUES (44,2);
INSERT INTO "CourseTags" ("courseID","tagID") VALUES (44,6);
INSERT INTO "CourseTags" ("courseID","tagID") VALUES (44,16);
INSERT INTO "CourseTags" ("courseID","tagID") VALUES (78,16);
INSERT INTO "CourseTags" ("courseID","tagID") VALUES (78,6);
INSERT INTO "CourseTags" ("courseID","tagID") VALUES (78,4);
INSERT INTO "CourseTags" ("courseID","tagID") VALUES (79,16);
INSERT INTO "CourseTags" ("courseID","tagID") VALUES (79,2);
INSERT INTO "CourseTags" ("courseID","tagID") VALUES (75,2);
INSERT INTO "CourseTags" ("courseID","tagID") VALUES (75,8);
INSERT INTO "CourseTags" ("courseID","tagID") VALUES (75,6);
INSERT INTO "CourseTags" ("courseID","tagID") VALUES (5,9);
INSERT INTO "CourseTags" ("courseID","tagID") VALUES (5,4);
INSERT INTO "CourseTags" ("courseID","tagID") VALUES (9,2);
INSERT INTO "CourseTags" ("courseID","tagID") VALUES (9,16);
INSERT INTO "CourseTags" ("courseID","tagID") VALUES (11,2);
INSERT INTO "CourseTags" ("courseID","tagID") VALUES (11,6);
INSERT INTO "CourseTags" ("courseID","tagID") VALUES (11,12);
INSERT INTO "CourseTags" ("courseID","tagID") VALUES (12,2);
INSERT INTO "CourseTags" ("courseID","tagID") VALUES (12,7);
INSERT INTO "CourseTags" ("courseID","tagID") VALUES (16,2);
INSERT INTO "CourseTags" ("courseID","tagID") VALUES (16,7);
INSERT INTO "CourseTags" ("courseID","tagID") VALUES (14,4);
INSERT INTO "CourseTags" ("courseID","tagID") VALUES (14,9);
INSERT INTO "CourseTags" ("courseID","tagID") VALUES (15,6);
INSERT INTO "CourseTags" ("courseID","tagID") VALUES (15,4);
INSERT INTO "CourseTags" ("courseID","tagID") VALUES (13,4);
INSERT INTO "CourseTags" ("courseID","tagID") VALUES (13,6);
INSERT INTO "CourseTags" ("courseID","tagID") VALUES (13,12);
INSERT INTO "CourseTags" ("courseID","tagID") VALUES (17,2);
INSERT INTO "CourseTags" ("courseID","tagID") VALUES (17,16);
INSERT INTO "CourseTags" ("courseID","tagID") VALUES (18,2);
INSERT INTO "CourseTags" ("courseID","tagID") VALUES (18,7);
INSERT INTO "CourseTags" ("courseID","tagID") VALUES (18,1);
INSERT INTO "CourseTags" ("courseID","tagID") VALUES (18,18);
INSERT INTO "CourseTags" ("courseID","tagID") VALUES (19,2);
INSERT INTO "CourseTags" ("courseID","tagID") VALUES (19,6);
INSERT INTO "CourseTags" ("courseID","tagID") VALUES (19,16);
INSERT INTO "CourseTags" ("courseID","tagID") VALUES (20,2);
INSERT INTO "CourseTags" ("courseID","tagID") VALUES (21,2);
INSERT INTO "CourseTags" ("courseID","tagID") VALUES (21,6);
INSERT INTO "CourseTags" ("courseID","tagID") VALUES (21,15);
INSERT INTO "CourseTags" ("courseID","tagID") VALUES (21,11);
INSERT INTO "CourseTags" ("courseID","tagID") VALUES (22,4);
INSERT INTO "CourseTags" ("courseID","tagID") VALUES (22,6);
INSERT INTO "CourseTags" ("courseID","tagID") VALUES (22,11);
INSERT INTO "CourseTags" ("courseID","tagID") VALUES (23,4);
INSERT INTO "CourseTags" ("courseID","tagID") VALUES (23,16);
INSERT INTO "CourseTags" ("courseID","tagID") VALUES (24,4);
INSERT INTO "CourseTags" ("courseID","tagID") VALUES (24,15);
INSERT INTO "CourseTags" ("courseID","tagID") VALUES (24,6);
INSERT INTO "CourseTags" ("courseID","tagID") VALUES (25,2);
INSERT INTO "CourseTags" ("courseID","tagID") VALUES (25,13);
INSERT INTO "CourseTags" ("courseID","tagID") VALUES (25,18);
INSERT INTO "CourseTags" ("courseID","tagID") VALUES (25,1);
INSERT INTO "CourseTags" ("courseID","tagID") VALUES (72,16);
INSERT INTO "CourseTags" ("courseID","tagID") VALUES (72,2);
INSERT INTO "CourseTags" ("courseID","tagID") VALUES (72,7);
INSERT INTO "CourseTags" ("courseID","tagID") VALUES (33,4);
INSERT INTO "CourseTags" ("courseID","tagID") VALUES (33,17);
INSERT INTO "CourseTags" ("courseID","tagID") VALUES (33,6);
INSERT INTO "CourseTags" ("courseID","tagID") VALUES (35,4);
INSERT INTO "CourseTags" ("courseID","tagID") VALUES (35,15);
INSERT INTO "CourseTags" ("courseID","tagID") VALUES (35,6);
INSERT INTO "CourseTags" ("courseID","tagID") VALUES (39,6);
INSERT INTO "CourseTags" ("courseID","tagID") VALUES (39,2);
INSERT INTO "CourseTags" ("courseID","tagID") VALUES (39,15);
INSERT INTO "CourseTags" ("courseID","tagID") VALUES (40,6);
INSERT INTO "CourseTags" ("courseID","tagID") VALUES (40,4);
INSERT INTO "CourseTags" ("courseID","tagID") VALUES (40,9);
INSERT INTO "CourseTags" ("courseID","tagID") VALUES (40,11);
INSERT INTO "CourseTags" ("courseID","tagID") VALUES (47,6);
INSERT INTO "CourseTags" ("courseID","tagID") VALUES (47,15);
INSERT INTO "CourseTags" ("courseID","tagID") VALUES (47,4);
INSERT INTO "CourseTags" ("courseID","tagID") VALUES (49,4);
INSERT INTO "CourseTags" ("courseID","tagID") VALUES (49,6);
INSERT INTO "CourseTags" ("courseID","tagID") VALUES (49,11);
INSERT INTO "CourseTags" ("courseID","tagID") VALUES (58,14);
INSERT INTO "CourseTags" ("courseID","tagID") VALUES (58,18);
INSERT INTO "CourseTags" ("courseID","tagID") VALUES (64,8);
INSERT INTO "CourseTags" ("courseID","tagID") VALUES (64,2);
INSERT INTO "CourseTags" ("courseID","tagID") VALUES (64,7);
INSERT INTO "CourseTags" ("courseID","tagID") VALUES (67,2);
INSERT INTO "CourseTags" ("courseID","tagID") VALUES (67,7);
INSERT INTO "CourseTags" ("courseID","tagID") VALUES (67,11);
INSERT INTO "CourseTags" ("courseID","tagID") VALUES (73,18);
INSERT INTO "CourseTags" ("courseID","tagID") VALUES (73,11);
INSERT INTO "CourseTags" ("courseID","tagID") VALUES (73,2);
INSERT INTO "CourseTags" ("courseID","tagID") VALUES (77,2);
INSERT INTO "CourseTags" ("courseID","tagID") VALUES (77,6);
INSERT INTO "CourseTags" ("courseID","tagID") VALUES (85,2);
INSERT INTO "CourseTags" ("courseID","tagID") VALUES (85,6);
INSERT INTO "CourseTags" ("courseID","tagID") VALUES (65,14);
INSERT INTO "CourseTags" ("courseID","tagID") VALUES (65,19);
INSERT INTO "CourseTags" ("courseID","tagID") VALUES (76,6);
INSERT INTO "CourseTags" ("courseID","tagID") VALUES (76,4);
INSERT INTO "CourseTags" ("courseID","tagID") VALUES (76,15);
INSERT INTO "CourseTags" ("courseID","tagID") VALUES (50,14);
INSERT INTO "CourseTags" ("courseID","tagID") VALUES (7,4);
INSERT INTO "CourseTags" ("courseID","tagID") VALUES (7,6);
INSERT INTO "CourseTags" ("courseID","tagID") VALUES (7,17);
INSERT INTO "CourseTags" ("courseID","tagID") VALUES (2,4);
INSERT INTO "CourseTags" ("courseID","tagID") VALUES (2,16);
INSERT INTO "CourseTags" ("courseID","tagID") VALUES (3,2);
INSERT INTO "CourseTags" ("courseID","tagID") VALUES (3,15);
INSERT INTO "CourseTags" ("courseID","tagID") VALUES (3,6);
INSERT INTO "CourseTags" ("courseID","tagID") VALUES (4,2);
INSERT INTO "CourseTags" ("courseID","tagID") VALUES (6,16);
INSERT INTO "CourseTags" ("courseID","tagID") VALUES (6,2);
INSERT INTO "CourseTags" ("courseID","tagID") VALUES (86,2);
INSERT INTO "CourseTags" ("courseID","tagID") VALUES (86,9);
INSERT INTO "CourseTags" ("courseID","tagID") VALUES (38,14);
INSERT INTO "CourseTags" ("courseID","tagID") VALUES (8,15);
INSERT INTO "CourseTags" ("courseID","tagID") VALUES (8,2);
INSERT INTO "CourseTags" ("courseID","tagID") VALUES (46,1);
INSERT INTO "CourseTags" ("courseID","tagID") VALUES (46,2);
INSERT INTO "CourseTags" ("courseID","tagID") VALUES (46,3);
INSERT INTO "CourseTags" ("courseID","tagID") VALUES (1,15);
INSERT INTO "CourseTags" ("courseID","tagID") VALUES (1,4);
INSERT INTO "CourseTags" ("courseID","tagID") VALUES (43,1);
INSERT INTO "CourseTags" ("courseID","tagID") VALUES (43,18);
INSERT INTO "CourseTags" ("courseID","tagID") VALUES (43,2);
INSERT INTO "CourseTags" ("courseID","tagID") VALUES (43,16);
INSERT INTO "CourseTags" ("courseID","tagID") VALUES (10,2);
INSERT INTO "CourseTags" ("courseID","tagID") VALUES (26,6);
INSERT INTO "CourseTags" ("courseID","tagID") VALUES (26,4);
INSERT INTO "CourseTags" ("courseID","tagID") VALUES (26,3);
INSERT INTO "CourseTags" ("courseID","tagID") VALUES (26,15);
INSERT INTO "CourseTags" ("courseID","tagID") VALUES (27,2);
INSERT INTO "CourseTags" ("courseID","tagID") VALUES (27,11);
INSERT INTO "CourseTags" ("courseID","tagID") VALUES (27,18);
INSERT INTO "CourseTags" ("courseID","tagID") VALUES (28,8);
INSERT INTO "CourseTags" ("courseID","tagID") VALUES (28,2);
INSERT INTO "CourseTags" ("courseID","tagID") VALUES (28,3);
INSERT INTO "CourseTags" ("courseID","tagID") VALUES (28,6);
INSERT INTO "CourseTags" ("courseID","tagID") VALUES (29,15);
INSERT INTO "CourseTags" ("courseID","tagID") VALUES (29,2);
INSERT INTO "CourseTags" ("courseID","tagID") VALUES (29,6);
INSERT INTO "CourseTags" ("courseID","tagID") VALUES (30,2);
INSERT INTO "CourseTags" ("courseID","tagID") VALUES (30,6);
INSERT INTO "CourseTags" ("courseID","tagID") VALUES (30,13);
INSERT INTO "CourseTags" ("courseID","tagID") VALUES (31,15);
INSERT INTO "CourseTags" ("courseID","tagID") VALUES (31,13);
INSERT INTO "CourseTags" ("courseID","tagID") VALUES (31,6);
INSERT INTO "CourseTags" ("courseID","tagID") VALUES (31,2);
INSERT INTO "CourseTags" ("courseID","tagID") VALUES (32,2);
INSERT INTO "CourseTags" ("courseID","tagID") VALUES (32,11);
INSERT INTO "Cups" ("cupID","name","icon") VALUES (1,'Mushroom Cup','mushroom');
INSERT INTO "Cups" ("cupID","name","icon") VALUES (2,'Flower Cup','flower');
INSERT INTO "Cups" ("cupID","name","icon") VALUES (3,'Star Cup','star');
INSERT INTO "Cups" ("cupID","name","icon") VALUES (4,'Special Cup','special');
INSERT INTO "Cups" ("cupID","name","icon") VALUES (5,'Shell Cup','greenshell');
INSERT INTO "Cups" ("cupID","name","icon") VALUES (6,'Banana Cup','banana');
INSERT INTO "Cups" ("cupID","name","icon") VALUES (7,'Leaf Cup','leaf');
INSERT INTO "Cups" ("cupID","name","icon") VALUES (8,'Lightning Cup','lightning');
INSERT INTO "Cups" ("cupID","name","icon") VALUES (9,'Blooper Cup','blooper');
INSERT INTO "Cups" ("cupID","name","icon") VALUES (10,'Mega Mushroom Cup','megamushroom');
INSERT INTO "Cups" ("cupID","name","icon") VALUES (11,'Thundercloud Cup','thundercloud');
INSERT INTO "Cups" ("cupID","name","icon") VALUES (12,'Pow Cup','pow');
INSERT INTO "Cups" ("cupID","name","icon") VALUES (13,'Bob-omb Cup','bobomb');
INSERT INTO "Cups" ("cupID","name","icon") VALUES (14,'Fake Item Cup','fakeitem');
INSERT INTO "Cups" ("cupID","name","icon") VALUES (15,'Golden Mushroom Cup','gshroom');
INSERT INTO "Cups" ("cupID","name","icon") VALUES (16,'Spring Cup','spring');
INSERT INTO "Cups" ("cupID","name","icon") VALUES (17,'Fireball Cup','fireball');
INSERT INTO "Cups" ("cupID","name","icon") VALUES (18,'Red Shell Cup','redshell');
INSERT INTO "Cups" ("cupID","name","icon") VALUES (19,'Blue Shell Cup','blueshell');
INSERT INTO "Cups" ("cupID","name","icon") VALUES (20,'Bullet Cup','bulletbill');
INSERT INTO "Cups" ("cupID","name","icon") VALUES (21,'Chain Chomp Cup','chainchomp');
INSERT INTO "Cups" ("cupID","name","icon") VALUES (22,'C-Shirt Cup','cshirt');
COMMIT;
